from,to,type,confidence,reason,step
"Folder:farm","File:farm/decision.py","CONTAINS",1,"",0
"Folder:farm","File:farm/__init__.py","CONTAINS",1,"",0
"Folder:farm","File:farm/utils.py","CONTAINS",1,"",0
"Folder:farm","File:farm/search.py","CONTAINS",1,"",0
"Folder:farm","File:farm/query.py","CONTAINS",1,"",0
"Folder:farm","File:farm/points.py","CONTAINS",1,"",0
"Folder:farm","File:farm/history.py","CONTAINS",1,"",0
"Folder:farm","File:farm/driver.py","CONTAINS",1,"",0
"Folder:farm","File:farm/config.py","CONTAINS",1,"",0
"Folder:farm","File:farm/activities.py","CONTAINS",1,"",0
"File:tray_app.py","Class:tray_app.py:FarmTrayApp","DEFINES",1,"",0
"File:tray_app.py","Function:tray_app.py:__init__","DEFINES",1,"",0
"Class:tray_app.py:FarmTrayApp","Function:tray_app.py:__init__","HAS_METHOD",1,"",0
"File:tray_app.py","Function:tray_app.py:do_nothing","DEFINES",1,"",0
"Class:tray_app.py:FarmTrayApp","Function:tray_app.py:do_nothing","HAS_METHOD",1,"",0
"File:tray_app.py","Function:tray_app.py:update_menu_status","DEFINES",1,"",0
"Class:tray_app.py:FarmTrayApp","Function:tray_app.py:update_menu_status","HAS_METHOD",1,"",0
"File:tray_app.py","Function:tray_app.py:start_farming","DEFINES",1,"",0
"Class:tray_app.py:FarmTrayApp","Function:tray_app.py:start_farming","HAS_METHOD",1,"",0
"File:tray_app.py","Function:tray_app.py:stop_farming","DEFINES",1,"",0
"Class:tray_app.py:FarmTrayApp","Function:tray_app.py:stop_farming","HAS_METHOD",1,"",0
"File:tray_app.py","Function:tray_app.py:monitor_process_gui","DEFINES",1,"",0
"Class:tray_app.py:FarmTrayApp","Function:tray_app.py:monitor_process_gui","HAS_METHOD",1,"",0
"File:tray_app.py","Function:tray_app.py:show_log_window_thread_safe","DEFINES",1,"",0
"Class:tray_app.py:FarmTrayApp","Function:tray_app.py:show_log_window_thread_safe","HAS_METHOD",1,"",0
"File:tray_app.py","Function:tray_app.py:open_log_window","DEFINES",1,"",0
"Class:tray_app.py:FarmTrayApp","Function:tray_app.py:open_log_window","HAS_METHOD",1,"",0
"File:tray_app.py","Function:tray_app.py:hide_log_window","DEFINES",1,"",0
"Class:tray_app.py:FarmTrayApp","Function:tray_app.py:hide_log_window","HAS_METHOD",1,"",0
"File:tray_app.py","Function:tray_app.py:get_latest_log_file","DEFINES",1,"",0
"Class:tray_app.py:FarmTrayApp","Function:tray_app.py:get_latest_log_file","HAS_METHOD",1,"",0
"File:tray_app.py","Function:tray_app.py:update_log_gui","DEFINES",1,"",0
"Class:tray_app.py:FarmTrayApp","Function:tray_app.py:update_log_gui","HAS_METHOD",1,"",0
"File:tray_app.py","Function:tray_app.py:append_clean_log","DEFINES",1,"",0
"Class:tray_app.py:FarmTrayApp","Function:tray_app.py:append_clean_log","HAS_METHOD",1,"",0
"File:tray_app.py","Function:tray_app.py:exit_app","DEFINES",1,"",0
"Class:tray_app.py:FarmTrayApp","Function:tray_app.py:exit_app","HAS_METHOD",1,"",0
"File:multi_profile_launcher.py","Function:multi_profile_launcher.py:get_all_profiles","DEFINES",1,"",0
"File:multi_profile_launcher.py","Function:multi_profile_launcher.py:log_result","DEFINES",1,"",0
"File:multi_profile_launcher.py","Function:multi_profile_launcher.py:farm_single_profile","DEFINES",1,"",0
"File:multi_profile_launcher.py","Function:multi_profile_launcher.py:setup_profile","DEFINES",1,"",0
"File:multi_profile_launcher.py","Function:multi_profile_launcher.py:main","DEFINES",1,"",0
"File:launcher_gui.py","Function:launcher_gui.py:get_edge_profiles","DEFINES",1,"",0
"File:launcher_gui.py","Class:launcher_gui.py:FarmingGUI","DEFINES",1,"",0
"File:launcher_gui.py","Function:launcher_gui.py:__init__","DEFINES",1,"",0
"Class:launcher_gui.py:FarmingGUI","Function:launcher_gui.py:__init__","HAS_METHOD",1,"",0
"File:launcher_gui.py","Function:launcher_gui.py:setup_styles","DEFINES",1,"",0
"Class:launcher_gui.py:FarmingGUI","Function:launcher_gui.py:setup_styles","HAS_METHOD",1,"",0
"File:launcher_gui.py","Function:launcher_gui.py:create_widgets","DEFINES",1,"",0
"Class:launcher_gui.py:FarmingGUI","Function:launcher_gui.py:create_widgets","HAS_METHOD",1,"",0
"File:launcher_gui.py","Function:launcher_gui.py:toggle_advanced","DEFINES",1,"",0
"Class:launcher_gui.py:FarmingGUI","Function:launcher_gui.py:toggle_advanced","HAS_METHOD",1,"",0
"File:launcher_gui.py","Function:launcher_gui.py:reset_today_history","DEFINES",1,"",0
"Class:launcher_gui.py:FarmingGUI","Function:launcher_gui.py:reset_today_history","HAS_METHOD",1,"",0
"File:launcher_gui.py","Function:launcher_gui.py:refresh_profiles","DEFINES",1,"",0
"Class:launcher_gui.py:FarmingGUI","Function:launcher_gui.py:refresh_profiles","HAS_METHOD",1,"",0
"File:launcher_gui.py","Function:launcher_gui.py:select_all","DEFINES",1,"",0
"Class:launcher_gui.py:FarmingGUI","Function:launcher_gui.py:select_all","HAS_METHOD",1,"",0
"File:launcher_gui.py","Function:launcher_gui.py:add_profile","DEFINES",1,"",0
"Class:launcher_gui.py:FarmingGUI","Function:launcher_gui.py:add_profile","HAS_METHOD",1,"",0
"File:launcher_gui.py","Function:launcher_gui.py:confirm","DEFINES",1,"",0
"Class:launcher_gui.py:FarmingGUI","Function:launcher_gui.py:confirm","HAS_METHOD",1,"",0
"File:launcher_gui.py","Function:launcher_gui.py:log","DEFINES",1,"",0
"Class:launcher_gui.py:FarmingGUI","Function:launcher_gui.py:log","HAS_METHOD",1,"",0
"File:launcher_gui.py","Function:launcher_gui.py:start_farming","DEFINES",1,"",0
"Class:launcher_gui.py:FarmingGUI","Function:launcher_gui.py:start_farming","HAS_METHOD",1,"",0
"File:launcher_gui.py","Function:launcher_gui.py:farming_worker","DEFINES",1,"",0
"Class:launcher_gui.py:FarmingGUI","Function:launcher_gui.py:farming_worker","HAS_METHOD",1,"",0
"File:launcher_gui.py","Class:launcher_gui.py:GUILogHandler","DEFINES",1,"",0
"Class:launcher_gui.py:GUILogHandler","Function:launcher_gui.py:__init__","HAS_METHOD",1,"",0
"File:launcher_gui.py","Function:launcher_gui.py:emit","DEFINES",1,"",0
"Class:launcher_gui.py:GUILogHandler","Function:launcher_gui.py:emit","HAS_METHOD",1,"",0
"File:launcher_gui.py","Function:launcher_gui.py:detailed_search","DEFINES",1,"",0
"Class:launcher_gui.py:FarmingGUI","Function:launcher_gui.py:detailed_search","HAS_METHOD",1,"",0
"File:launcher_gui.py","Function:launcher_gui.py:update_points_ui","DEFINES",1,"",0
"Class:launcher_gui.py:FarmingGUI","Function:launcher_gui.py:update_points_ui","HAS_METHOD",1,"",0
"File:launcher_gui.py","Function:launcher_gui.py:stop_farming","DEFINES",1,"",0
"Class:launcher_gui.py:FarmingGUI","Function:launcher_gui.py:stop_farming","HAS_METHOD",1,"",0
"File:launcher_gui.py","Function:launcher_gui.py:reset_ui","DEFINES",1,"",0
"Class:launcher_gui.py:FarmingGUI","Function:launcher_gui.py:reset_ui","HAS_METHOD",1,"",0
"File:launcher_gui.py","Function:launcher_gui.py:load_config","DEFINES",1,"",0
"Class:launcher_gui.py:FarmingGUI","Function:launcher_gui.py:load_config","HAS_METHOD",1,"",0
"File:launcher_gui.py","Function:launcher_gui.py:save_config","DEFINES",1,"",0
"Class:launcher_gui.py:FarmingGUI","Function:launcher_gui.py:save_config","HAS_METHOD",1,"",0
"File:launcher_gui.py","Function:launcher_gui.py:on_close","DEFINES",1,"",0
"Class:launcher_gui.py:FarmingGUI","Function:launcher_gui.py:on_close","HAS_METHOD",1,"",0
"File:launcher_gui.py","Function:launcher_gui.py:get_idle_seconds","DEFINES",1,"",0
"Class:launcher_gui.py:FarmingGUI","Function:launcher_gui.py:get_idle_seconds","HAS_METHOD",1,"",0
"File:launcher_gui.py","Class:launcher_gui.py:LASTINPUTINFO","DEFINES",1,"",0
"File:launcher_gui.py","Function:launcher_gui.py:_get_free_ram_mb","DEFINES",1,"",0
"Class:launcher_gui.py:FarmingGUI","Function:launcher_gui.py:_get_free_ram_mb","HAS_METHOD",1,"",0
"File:launcher_gui.py","Class:launcher_gui.py:MEMORYSTATUSEX","DEFINES",1,"",0
"File:launcher_gui.py","Function:launcher_gui.py:toggle_idle_monitor","DEFINES",1,"",0
"Class:launcher_gui.py:FarmingGUI","Function:launcher_gui.py:toggle_idle_monitor","HAS_METHOD",1,"",0
"File:launcher_gui.py","Function:launcher_gui.py:idle_monitor_loop","DEFINES",1,"",0
"Class:launcher_gui.py:FarmingGUI","Function:launcher_gui.py:idle_monitor_loop","HAS_METHOD",1,"",0
"File:launcher_gui.py","Function:launcher_gui.py:show_dashboard","DEFINES",1,"",0
"Class:launcher_gui.py:FarmingGUI","Function:launcher_gui.py:show_dashboard","HAS_METHOD",1,"",0
"File:launcher_gui.py","Function:launcher_gui.py:draw_chart","DEFINES",1,"",0
"Class:launcher_gui.py:FarmingGUI","Function:launcher_gui.py:draw_chart","HAS_METHOD",1,"",0
"File:launcher_gui.py","Function:launcher_gui.py:toggle_scheduler","DEFINES",1,"",0
"Class:launcher_gui.py:FarmingGUI","Function:launcher_gui.py:toggle_scheduler","HAS_METHOD",1,"",0
"File:launcher_gui.py","Function:launcher_gui.py:scheduler_loop","DEFINES",1,"",0
"Class:launcher_gui.py:FarmingGUI","Function:launcher_gui.py:scheduler_loop","HAS_METHOD",1,"",0
"File:launcher_gui.py","Function:launcher_gui.py:send_telegram_notification","DEFINES",1,"",0
"Class:launcher_gui.py:FarmingGUI","Function:launcher_gui.py:send_telegram_notification","HAS_METHOD",1,"",0
"File:launcher_gui.py","Function:launcher_gui.py:main","DEFINES",1,"",0
"File:farm_rewards.py","Function:farm_rewards.py:run_single_profile","DEFINES",1,"",0
"File:farm_rewards.py","Function:farm_rewards.py:main","DEFINES",1,"",0
"File:farm/decision.py","Class:farm/decision.py:EarlyStopDetector","DEFINES",1,"",0
"File:farm/decision.py","Function:farm/decision.py:__init__","DEFINES",1,"",0
"Class:farm/decision.py:EarlyStopDetector","Function:farm/decision.py:__init__","HAS_METHOD",1,"",0
"File:farm/decision.py","Function:farm/decision.py:update","DEFINES",1,"",0
"Class:farm/decision.py:EarlyStopDetector","Function:farm/decision.py:update","HAS_METHOD",1,"",0
"File:farm/decision.py","Function:farm/decision.py:should_stop","DEFINES",1,"",0
"Class:farm/decision.py:EarlyStopDetector","Function:farm/decision.py:should_stop","HAS_METHOD",1,"",0
"File:farm/decision.py","Function:farm/decision.py:reset","DEFINES",1,"",0
"Class:farm/decision.py:EarlyStopDetector","Function:farm/decision.py:reset","HAS_METHOD",1,"",0
"File:farm/decision.py","Function:farm/decision.py:adaptive_batch","DEFINES",1,"",0
"File:farm/decision.py","Function:farm/decision.py:auto_speed_config","DEFINES",1,"",0
"File:farm/decision.py","Function:farm/decision.py:log_quota_confidence","DEFINES",1,"",0
"File:farm/utils.py","Function:farm/utils.py:setup_logging","DEFINES",1,"",0
"File:farm/utils.py","Function:farm/utils.py:take_screenshot","DEFINES",1,"",0
"File:farm/utils.py","Function:farm/utils.py:random_sleep","DEFINES",1,"",0
"File:farm/utils.py","Function:farm/utils.py:check_and_recover_oom","DEFINES",1,"",0
"File:farm/utils.py","Function:farm/utils.py:simulate_typing","DEFINES",1,"",0
"File:farm/utils.py","Function:farm/utils.py:simulate_reading_interaction","DEFINES",1,"",0
"File:farm/utils.py","Function:farm/utils.py:bezier_curve_points","DEFINES",1,"",0
"File:farm/utils.py","Function:farm/utils.py:human_bezier_move","DEFINES",1,"",0
"File:farm/utils.py","Function:farm/utils.py:human_hover_and_click","DEFINES",1,"",0
"File:farm/utils.py","Function:farm/utils.py:apply_mobile_emulation","DEFINES",1,"",0
"File:farm/utils.py","Function:farm/utils.py:human_scroll","DEFINES",1,"",0
"File:farm/search.py","Function:farm/search.py:interact_with_results","DEFINES",1,"",0
"File:farm/search.py","Function:farm/search.py:do_one_search","DEFINES",1,"",0
"File:farm/search.py","Function:farm/search.py:do_one_news_read","DEFINES",1,"",0
"File:farm/search.py","Function:farm/search.py:perform_searches","DEFINES",1,"",0
"File:farm/search.py","Function:farm/search.py:perform_mobile_news_reads","DEFINES",1,"",0
"File:farm/search.py","Function:farm/search.py:farm_parallel","DEFINES",1,"",0
"File:farm/query.py","Class:farm/query.py:QueryGenerator","DEFINES",1,"",0
"File:farm/query.py","Function:farm/query.py:__init__","DEFINES",1,"",0
"Class:farm/query.py:QueryGenerator","Function:farm/query.py:__init__","HAS_METHOD",1,"",0
"File:farm/query.py","Function:farm/query.py:reset_history","DEFINES",1,"",0
"Class:farm/query.py:QueryGenerator","Function:farm/query.py:reset_history","HAS_METHOD",1,"",0
"File:farm/query.py","Function:farm/query.py:generate","DEFINES",1,"",0
"Class:farm/query.py:QueryGenerator","Function:farm/query.py:generate","HAS_METHOD",1,"",0
"File:farm/query.py","Function:farm/query.py:_generate_unsafe","DEFINES",1,"",0
"Class:farm/query.py:QueryGenerator","Function:farm/query.py:_generate_unsafe","HAS_METHOD",1,"",0
"File:farm/query.py","Function:farm/query.py:_get_suggest_query","DEFINES",1,"",0
"Class:farm/query.py:QueryGenerator","Function:farm/query.py:_get_suggest_query","HAS_METHOD",1,"",0
"File:farm/query.py","Function:farm/query.py:_fetch_bing_suggestions","DEFINES",1,"",0
"Class:farm/query.py:QueryGenerator","Function:farm/query.py:_fetch_bing_suggestions","HAS_METHOD",1,"",0
"File:farm/query.py","Function:farm/query.py:_create_chain_queries","DEFINES",1,"",0
"Class:farm/query.py:QueryGenerator","Function:farm/query.py:_create_chain_queries","HAS_METHOD",1,"",0
"File:farm/query.py","Function:farm/query.py:_create_random_query","DEFINES",1,"",0
"Class:farm/query.py:QueryGenerator","Function:farm/query.py:_create_random_query","HAS_METHOD",1,"",0
"File:farm/points.py","Function:farm/points.py:get_search_quota","DEFINES",1,"",0
"File:farm/points.py","Function:farm/points.py:get_counter","DEFINES",1,"",0
"File:farm/points.py","Function:farm/points.py:check_logged_in","DEFINES",1,"",0
"File:farm/points.py","Function:farm/points.py:get_points_from_search_page","DEFINES",1,"",0
"File:farm/points.py","Function:farm/points.py:get_current_points","DEFINES",1,"",0
"File:farm/history.py","Function:farm/history.py:load_history","DEFINES",1,"",0
"File:farm/history.py","Function:farm/history.py:save_history","DEFINES",1,"",0
"File:farm/history.py","Function:farm/history.py:log_points","DEFINES",1,"",0
"File:farm/history.py","Function:farm/history.py:get_today_stats","DEFINES",1,"",0
"File:farm/history.py","Function:farm/history.py:get_weekly_total","DEFINES",1,"",0
"File:farm/history.py","Function:farm/history.py:get_daily_totals","DEFINES",1,"",0
"File:farm/history.py","Function:farm/history.py:was_farmed_today","DEFINES",1,"",0
"File:farm/history.py","Function:farm/history.py:get_profile_summary","DEFINES",1,"",0
"File:farm/history.py","Function:farm/history.py:get_streak_days","DEFINES",1,"",0
"File:farm/driver.py","Function:farm/driver.py:_install_driver_with_retry","DEFINES",1,"",0
"File:farm/driver.py","Function:farm/driver.py:get_edge_version","DEFINES",1,"",0
"File:farm/driver.py","Function:farm/driver.py:_kill_zombie_edge","DEFINES",1,"",0
"File:farm/driver.py","Function:farm/driver.py:clone_edge_profile","DEFINES",1,"",0
"File:farm/driver.py","Function:farm/driver.py:setup_driver","DEFINES",1,"",0
"File:farm/driver.py","Function:farm/driver.py:get_driver","DEFINES",1,"",0
"File:farm/driver.py","Function:farm/driver.py:is_driver_alive","DEFINES",1,"",0
"File:farm/driver.py","Function:farm/driver.py:safe_driver_quit","DEFINES",1,"",0
"File:farm/driver.py","Function:farm/driver.py:cleanup_clone_profiles","DEFINES",1,"",0
"File:farm/activities.py","Function:farm/activities.py:_is_new_ui","DEFINES",1,"",0
"File:farm/activities.py","Function:farm/activities.py:_expand_new_ui_sections","DEFINES",1,"",0
"File:farm/activities.py","Function:farm/activities.py:_get_new_ui_task_cards","DEFINES",1,"",0
"File:farm/activities.py","Function:farm/activities.py:_is_progress_complete","DEFINES",1,"",0
"File:farm/activities.py","Function:farm/activities.py:_is_progress_card","DEFINES",1,"",0
"File:farm/activities.py","Function:farm/activities.py:_is_card_completed_new_ui","DEFINES",1,"",0
"File:farm/activities.py","Function:farm/activities.py:solve_potential_quiz","DEFINES",1,"",0
"File:farm/activities.py","Function:farm/activities.py:click_daily_checkin","DEFINES",1,"",0
"File:farm/activities.py","Function:farm/activities.py:_complete_new_ui","DEFINES",1,"",0
"File:farm/activities.py","Function:farm/activities.py:_complete_old_ui","DEFINES",1,"",0
"File:farm/activities.py","Function:farm/activities.py:complete_daily_set_and_activities","DEFINES",1,"",0
"File:multi_profile_launcher.py","File:farm/__init__.py","IMPORTS",1,"",0
"File:multi_profile_launcher.py","File:farm/history.py","IMPORTS",1,"",0
"File:launcher_gui.py","File:farm/__init__.py","IMPORTS",1,"",0
"File:launcher_gui.py","File:farm/points.py","IMPORTS",1,"",0
"File:launcher_gui.py","File:farm/history.py","IMPORTS",1,"",0
"File:launcher_gui.py","File:farm/driver.py","IMPORTS",1,"",0
"File:farm_rewards.py","File:farm/__init__.py","IMPORTS",1,"",0
"File:farm_rewards.py","File:farm/config.py","IMPORTS",1,"",0
"File:farm_rewards.py","File:farm/query.py","IMPORTS",1,"",0
"File:farm_rewards.py","File:farm/utils.py","IMPORTS",1,"",0
"File:farm_rewards.py","File:farm/driver.py","IMPORTS",1,"",0
"File:farm_rewards.py","File:farm/points.py","IMPORTS",1,"",0
"File:farm_rewards.py","File:farm/search.py","IMPORTS",1,"",0
"File:farm_rewards.py","File:farm/activities.py","IMPORTS",1,"",0
"File:farm/__init__.py","File:farm/config.py","IMPORTS",1,"",0
"File:farm/__init__.py","File:farm/query.py","IMPORTS",1,"",0
"File:farm/__init__.py","File:farm/utils.py","IMPORTS",1,"",0
"File:farm/__init__.py","File:farm/driver.py","IMPORTS",1,"",0
"File:farm/__init__.py","File:farm/points.py","IMPORTS",1,"",0
"File:farm/__init__.py","File:farm/search.py","IMPORTS",1,"",0
"File:farm/__init__.py","File:farm/activities.py","IMPORTS",1,"",0
"File:farm/__init__.py","File:farm/decision.py","IMPORTS",1,"",0
"File:farm/utils.py","File:farm/config.py","IMPORTS",1,"",0
"File:farm/utils.py","File:farm/driver.py","IMPORTS",1,"",0
"File:farm/search.py","File:farm/config.py","IMPORTS",1,"",0
"File:farm/search.py","File:farm/query.py","IMPORTS",1,"",0
"File:farm/search.py","File:farm/utils.py","IMPORTS",1,"",0
"File:farm/search.py","File:farm/points.py","IMPORTS",1,"",0
"File:farm/search.py","File:farm/driver.py","IMPORTS",1,"",0
"File:farm/query.py","File:farm/config.py","IMPORTS",1,"",0
"File:farm/points.py","File:farm/utils.py","IMPORTS",1,"",0
"File:farm/driver.py","File:farm/config.py","IMPORTS",1,"",0
"File:farm/driver.py","File:farm/utils.py","IMPORTS",1,"",0
"File:farm/activities.py","File:farm/utils.py","IMPORTS",1,"",0
"Function:tray_app.py:__init__","Function:tray_app.py:update_log_gui","CALLS",0.95,"same-file",0
"Function:tray_app.py:__init__","Function:tray_app.py:monitor_process_gui","CALLS",0.95,"same-file",0
"Function:tray_app.py:start_farming","Function:tray_app.py:update_menu_status","CALLS",0.95,"same-file",0
"Function:tray_app.py:stop_farming","Function:tray_app.py:update_menu_status","CALLS",0.95,"same-file",0
"Function:tray_app.py:monitor_process_gui","Function:tray_app.py:update_menu_status","CALLS",0.95,"same-file",0
"Function:tray_app.py:update_log_gui","Function:tray_app.py:get_latest_log_file","CALLS",0.95,"same-file",0
"Function:tray_app.py:update_log_gui","Function:tray_app.py:append_clean_log","CALLS",0.95,"same-file",0
"Function:tray_app.py:exit_app","Function:tray_app.py:stop_farming","CALLS",0.95,"same-file",0
"Function:multi_profile_launcher.py:farm_single_profile","Function:farm/driver.py:setup_driver","CALLS",0.9,"import-resolved",0
"Function:multi_profile_launcher.py:farm_single_profile","Function:farm/points.py:get_current_points","CALLS",0.9,"import-resolved",0
"Function:multi_profile_launcher.py:farm_single_profile","Function:farm/search.py:perform_searches","CALLS",0.9,"import-resolved",0
"Function:multi_profile_launcher.py:farm_single_profile","Function:farm/activities.py:complete_daily_set_and_activities","CALLS",0.9,"import-resolved",0
"Function:multi_profile_launcher.py:farm_single_profile","Function:farm/driver.py:safe_driver_quit","CALLS",0.9,"import-resolved",0
"Function:multi_profile_launcher.py:farm_single_profile","Function:multi_profile_launcher.py:log_result","CALLS",0.95,"same-file",0
"Function:multi_profile_launcher.py:setup_profile","Function:farm/driver.py:setup_driver","CALLS",0.9,"import-resolved",0
"Function:multi_profile_launcher.py:setup_profile","Function:farm/driver.py:safe_driver_quit","CALLS",0.9,"import-resolved",0
"Function:multi_profile_launcher.py:main","Function:multi_profile_launcher.py:setup_profile","CALLS",0.95,"same-file",0
"Function:multi_profile_launcher.py:main","Function:multi_profile_launcher.py:get_all_profiles","CALLS",0.95,"same-file",0
"Function:multi_profile_launcher.py:main","Function:multi_profile_launcher.py:farm_single_profile","CALLS",0.95,"same-file",0
"File:multi_profile_launcher.py","Function:multi_profile_launcher.py:main","CALLS",0.95,"same-file",0
"Function:launcher_gui.py:__init__","Function:launcher_gui.py:setup_styles","CALLS",0.95,"same-file",0
"Function:launcher_gui.py:__init__","Function:launcher_gui.py:create_widgets","CALLS",0.95,"same-file",0
"Function:launcher_gui.py:__init__","Function:launcher_gui.py:refresh_profiles","CALLS",0.95,"same-file",0
"Function:launcher_gui.py:__init__","Function:launcher_gui.py:load_config","CALLS",0.95,"same-file",0
"Function:launcher_gui.py:refresh_profiles","Function:launcher_gui.py:get_edge_profiles","CALLS",0.95,"same-file",0
"Function:launcher_gui.py:confirm","Function:launcher_gui.py:refresh_profiles","CALLS",0.95,"same-file",0
"Function:launcher_gui.py:farming_worker","Function:farm/utils.py:setup_logging","CALLS",0.9,"import-resolved",0
"Function:launcher_gui.py:farming_worker","Function:launcher_gui.py:reset_ui","CALLS",0.95,"same-file",0
"Function:launcher_gui.py:detailed_search","Function:farm/utils.py:check_and_recover_oom","CALLS",0.9,"import-resolved",0
"Function:launcher_gui.py:detailed_search","Function:farm/query.py:generate","CALLS",0.5,"global",0
"Function:launcher_gui.py:detailed_search","Function:farm/utils.py:simulate_typing","CALLS",0.9,"import-resolved",0
"Function:launcher_gui.py:detailed_search","Function:farm/utils.py:human_scroll","CALLS",0.9,"import-resolved",0
"Function:launcher_gui.py:detailed_search","Function:farm/search.py:interact_with_results","CALLS",0.9,"import-resolved",0
"Function:launcher_gui.py:update_points_ui","Function:farm/history.py:get_today_stats","CALLS",0.9,"import-resolved",0
"Function:launcher_gui.py:farming_worker","Function:launcher_gui.py:update_points_ui","CALLS",0.95,"same-file",0
"Function:launcher_gui.py:farming_worker","Function:farm/query.py:reset_history","CALLS",0.5,"global",0
"Function:launcher_gui.py:farming_worker","Function:farm/history.py:was_farmed_today","CALLS",0.9,"import-resolved",0
"Function:launcher_gui.py:farming_worker","Function:farm/driver.py:setup_driver","CALLS",0.9,"import-resolved",0
"Function:launcher_gui.py:farming_worker","Function:farm/points.py:check_logged_in","CALLS",0.9,"import-resolved",0
"Function:launcher_gui.py:farming_worker","Function:farm/driver.py:safe_driver_quit","CALLS",0.9,"import-resolved",0
"Function:launcher_gui.py:farming_worker","Function:farm/points.py:get_current_points","CALLS",0.9,"import-resolved",0
"Function:launcher_gui.py:farming_worker","Function:farm/points.py:get_search_quota","CALLS",0.9,"import-resolved",0
"Function:launcher_gui.py:farming_worker","Function:farm/decision.py:log_quota_confidence","CALLS",0.9,"import-resolved",0
"Function:launcher_gui.py:farming_worker","Function:farm/activities.py:complete_daily_set_and_activities","CALLS",0.9,"import-resolved",0
"Function:launcher_gui.py:farming_worker","Function:farm/driver.py:is_driver_alive","CALLS",0.9,"import-resolved",0
"Function:launcher_gui.py:farming_worker","Function:farm/decision.py:adaptive_batch","CALLS",0.9,"import-resolved",0
"Function:launcher_gui.py:farming_worker","Function:farm/decision.py:auto_speed_config","CALLS",0.9,"import-resolved",0
"Function:launcher_gui.py:farming_worker","Function:launcher_gui.py:detailed_search","CALLS",0.95,"same-file",0
"Function:launcher_gui.py:farming_worker","Function:farm/points.py:get_points_from_search_page","CALLS",0.9,"import-resolved",0
"Function:launcher_gui.py:farming_worker","Function:farm/decision.py:should_stop","CALLS",0.5,"global",0
"Function:launcher_gui.py:farming_worker","Function:farm/history.py:get_streak_days","CALLS",0.9,"import-resolved",0
"Function:launcher_gui.py:farming_worker","Function:farm/driver.py:cleanup_clone_profiles","CALLS",0.9,"import-resolved",0
"Function:launcher_gui.py:farming_worker","Function:launcher_gui.py:send_telegram_notification","CALLS",0.95,"same-file",0
"Function:launcher_gui.py:on_close","Function:launcher_gui.py:save_config","CALLS",0.95,"same-file",0
"Function:launcher_gui.py:idle_monitor_loop","Function:launcher_gui.py:get_idle_seconds","CALLS",0.95,"same-file",0
"Function:launcher_gui.py:idle_monitor_loop","Function:farm/history.py:was_farmed_today","CALLS",0.9,"import-resolved",0
"Function:launcher_gui.py:idle_monitor_loop","Function:launcher_gui.py:_get_free_ram_mb","CALLS",0.95,"same-file",0
"Function:launcher_gui.py:show_dashboard","Function:farm/history.py:get_today_stats","CALLS",0.9,"import-resolved",0
"Function:launcher_gui.py:show_dashboard","Function:farm/history.py:get_streak_days","CALLS",0.9,"import-resolved",0
"Function:launcher_gui.py:show_dashboard","Function:farm/history.py:get_weekly_total","CALLS",0.9,"import-resolved",0
"Function:launcher_gui.py:show_dashboard","Function:farm/history.py:get_daily_totals","CALLS",0.9,"import-resolved",0
"Function:launcher_gui.py:send_telegram_notification","Function:farm/history.py:get_today_stats","CALLS",0.9,"import-resolved",0
"Function:launcher_gui.py:send_telegram_notification","Function:farm/history.py:get_streak_days","CALLS",0.9,"import-resolved",0
"Function:launcher_gui.py:send_telegram_notification","Function:farm/history.py:get_weekly_total","CALLS",0.9,"import-resolved",0
"File:launcher_gui.py","Function:launcher_gui.py:main","CALLS",0.95,"same-file",0
"Function:farm_rewards.py:run_single_profile","Function:farm/driver.py:setup_driver","CALLS",0.9,"import-resolved",0
"Function:farm_rewards.py:run_single_profile","Function:farm/utils.py:random_sleep","CALLS",0.9,"import-resolved",0
"Function:farm_rewards.py:run_single_profile","Function:farm/points.py:get_current_points","CALLS",0.9,"import-resolved",0
"Function:farm_rewards.py:run_single_profile","Function:farm/activities.py:complete_daily_set_and_activities","CALLS",0.9,"import-resolved",0
"Function:farm_rewards.py:run_single_profile","Function:farm/search.py:farm_parallel","CALLS",0.9,"import-resolved",0
"Function:farm_rewards.py:run_single_profile","Function:farm/search.py:perform_searches","CALLS",0.9,"import-resolved",0
"Function:farm_rewards.py:run_single_profile","Function:farm/driver.py:safe_driver_quit","CALLS",0.9,"import-resolved",0
"Function:farm_rewards.py:run_single_profile","Function:farm/utils.py:take_screenshot","CALLS",0.9,"import-resolved",0
"Function:farm_rewards.py:main","Function:farm/utils.py:setup_logging","CALLS",0.9,"import-resolved",0
"Function:farm_rewards.py:main","Function:farm_rewards.py:run_single_profile","CALLS",0.95,"same-file",0
"File:farm_rewards.py","Function:farm_rewards.py:main","CALLS",0.95,"same-file",0
"Function:farm/utils.py:human_hover_and_click","Function:farm/utils.py:human_bezier_move","CALLS",0.95,"same-file",0
"Function:farm/utils.py:apply_mobile_emulation","Function:farm/driver.py:get_edge_version","CALLS",0.9,"import-resolved",0
"Function:farm/search.py:interact_with_results","Function:farm/utils.py:human_hover_and_click","CALLS",0.9,"import-resolved",0
"Function:farm/search.py:interact_with_results","Function:farm/utils.py:simulate_reading_interaction","CALLS",0.9,"import-resolved",0
"Function:farm/search.py:interact_with_results","Function:farm/utils.py:human_scroll","CALLS",0.9,"import-resolved",0
"Function:farm/search.py:do_one_search","Function:farm/utils.py:check_and_recover_oom","CALLS",0.9,"import-resolved",0
"Function:farm/search.py:do_one_search","Function:farm/utils.py:simulate_typing","CALLS",0.9,"import-resolved",0
"Function:farm/search.py:do_one_search","Function:farm/utils.py:random_sleep","CALLS",0.9,"import-resolved",0
"Function:farm/search.py:do_one_search","Function:farm/utils.py:human_scroll","CALLS",0.9,"import-resolved",0
"Function:farm/search.py:do_one_news_read","Function:farm/utils.py:random_sleep","CALLS",0.9,"import-resolved",0
"Function:farm/search.py:do_one_news_read","Function:farm/utils.py:simulate_reading_interaction","CALLS",0.9,"import-resolved",0
"Function:farm/search.py:do_one_news_read","Function:farm/utils.py:human_scroll","CALLS",0.9,"import-resolved",0
"Function:farm/search.py:perform_searches","Function:farm/utils.py:random_sleep","CALLS",0.9,"import-resolved",0
"Function:farm/search.py:perform_searches","Function:farm/utils.py:take_screenshot","CALLS",0.9,"import-resolved",0
"Function:farm/search.py:perform_searches","Function:farm/query.py:generate","CALLS",0.9,"import-resolved",0
"Function:farm/search.py:perform_searches","Function:farm/utils.py:simulate_typing","CALLS",0.9,"import-resolved",0
"Function:farm/search.py:perform_searches","Function:farm/utils.py:human_scroll","CALLS",0.9,"import-resolved",0
"Function:farm/search.py:perform_searches","Function:farm/search.py:interact_with_results","CALLS",0.95,"same-file",0
"Function:farm/search.py:perform_mobile_news_reads","Function:farm/utils.py:random_sleep","CALLS",0.9,"import-resolved",0
"Function:farm/search.py:farm_parallel","Function:farm/points.py:get_points_from_search_page","CALLS",0.9,"import-resolved",0
"Function:farm/search.py:farm_parallel","Function:farm/driver.py:is_driver_alive","CALLS",0.9,"import-resolved",0
"Function:farm/search.py:farm_parallel","Function:farm/query.py:generate","CALLS",0.9,"import-resolved",0
"Function:farm/search.py:farm_parallel","Function:farm/search.py:do_one_search","CALLS",0.95,"same-file",0
"Function:farm/search.py:farm_parallel","Function:farm/search.py:interact_with_results","CALLS",0.95,"same-file",0
"Function:farm/search.py:farm_parallel","Function:farm/utils.py:random_sleep","CALLS",0.9,"import-resolved",0
"Function:farm/search.py:farm_parallel","Function:farm/search.py:do_one_news_read","CALLS",0.95,"same-file",0
"Function:farm/search.py:farm_parallel","Function:farm/driver.py:safe_driver_quit","CALLS",0.9,"import-resolved",0
"Function:farm/search.py:farm_parallel","Function:farm/driver.py:setup_driver","CALLS",0.9,"import-resolved",0
"Function:farm/query.py:generate","Function:farm/query.py:_generate_unsafe","CALLS",0.95,"same-file",0
"Function:farm/query.py:_generate_unsafe","Function:farm/query.py:_get_suggest_query","CALLS",0.95,"same-file",0
"Function:farm/query.py:_generate_unsafe","Function:farm/query.py:_create_chain_queries","CALLS",0.95,"same-file",0
"Function:farm/query.py:_generate_unsafe","Function:farm/query.py:_generate_unsafe","CALLS",0.95,"same-file",0
"Function:farm/query.py:_generate_unsafe","Function:farm/query.py:_create_random_query","CALLS",0.95,"same-file",0
"Function:farm/query.py:_get_suggest_query","Function:farm/query.py:_fetch_bing_suggestions","CALLS",0.95,"same-file",0
"Function:farm/points.py:get_search_quota","Function:farm/points.py:get_counter","CALLS",0.95,"same-file",0
"Function:farm/points.py:get_current_points","Function:farm/utils.py:random_sleep","CALLS",0.9,"import-resolved",0
"Function:farm/history.py:log_points","Function:farm/history.py:load_history","CALLS",0.95,"same-file",0
"Function:farm/history.py:log_points","Function:farm/history.py:save_history","CALLS",0.95,"same-file",0
"Function:farm/history.py:get_today_stats","Function:farm/history.py:load_history","CALLS",0.95,"same-file",0
"Function:farm/history.py:get_weekly_total","Function:farm/history.py:load_history","CALLS",0.95,"same-file",0
"Function:farm/history.py:get_daily_totals","Function:farm/history.py:load_history","CALLS",0.95,"same-file",0
"Function:farm/history.py:was_farmed_today","Function:farm/history.py:load_history","CALLS",0.95,"same-file",0
"Function:farm/history.py:get_profile_summary","Function:farm/history.py:load_history","CALLS",0.95,"same-file",0
"Function:farm/history.py:get_streak_days","Function:farm/history.py:load_history","CALLS",0.95,"same-file",0
"Function:farm/driver.py:clone_edge_profile","Function:farm/driver.py:_kill_zombie_edge","CALLS",0.95,"same-file",0
"Function:farm/driver.py:setup_driver","Function:farm/driver.py:get_edge_version","CALLS",0.95,"same-file",0
"Function:farm/driver.py:setup_driver","Function:farm/driver.py:clone_edge_profile","CALLS",0.95,"same-file",0
"Function:farm/driver.py:setup_driver","Function:farm/driver.py:setup_driver","CALLS",0.95,"same-file",0
"Function:farm/driver.py:get_driver","Function:farm/driver.py:setup_driver","CALLS",0.95,"same-file",0
"Function:farm/activities.py:_is_progress_card","Function:farm/activities.py:_is_progress_complete","CALLS",0.95,"same-file",0
"Function:farm/activities.py:_get_new_ui_task_cards","Function:farm/activities.py:_is_progress_card","CALLS",0.95,"same-file",0
"Function:farm/activities.py:click_daily_checkin","Function:farm/utils.py:random_sleep","CALLS",0.9,"import-resolved",0
"Function:farm/activities.py:_complete_new_ui","Function:farm/activities.py:_expand_new_ui_sections","CALLS",0.95,"same-file",0
"Function:farm/activities.py:_complete_new_ui","Function:farm/utils.py:random_sleep","CALLS",0.9,"import-resolved",0
"Function:farm/activities.py:_complete_new_ui","Function:farm/activities.py:_get_new_ui_task_cards","CALLS",0.95,"same-file",0
"Function:farm/activities.py:_complete_new_ui","Function:farm/activities.py:_is_card_completed_new_ui","CALLS",0.95,"same-file",0
"Function:farm/activities.py:_complete_new_ui","Function:farm/utils.py:check_and_recover_oom","CALLS",0.9,"import-resolved",0
"Function:farm/activities.py:_complete_new_ui","Function:farm/activities.py:solve_potential_quiz","CALLS",0.95,"same-file",0
"Function:farm/activities.py:_complete_new_ui","Function:farm/utils.py:human_scroll","CALLS",0.9,"import-resolved",0
"Function:farm/activities.py:_complete_old_ui","Function:farm/activities.py:solve_potential_quiz","CALLS",0.95,"same-file",0
"Function:farm/activities.py:_complete_old_ui","Function:farm/utils.py:human_scroll","CALLS",0.9,"import-resolved",0
"Function:farm/activities.py:_complete_old_ui","Function:farm/utils.py:random_sleep","CALLS",0.9,"import-resolved",0
"Function:farm/activities.py:complete_daily_set_and_activities","Function:farm/activities.py:click_daily_checkin","CALLS",0.95,"same-file",0
"Function:farm/activities.py:complete_daily_set_and_activities","Function:farm/utils.py:random_sleep","CALLS",0.9,"import-resolved",0
"Function:farm/activities.py:complete_daily_set_and_activities","Function:farm/utils.py:check_and_recover_oom","CALLS",0.9,"import-resolved",0
"Function:farm/activities.py:complete_daily_set_and_activities","Function:farm/utils.py:human_scroll","CALLS",0.9,"import-resolved",0
"Function:farm/activities.py:complete_daily_set_and_activities","Function:farm/activities.py:_is_new_ui","CALLS",0.95,"same-file",0
"Function:farm/activities.py:complete_daily_set_and_activities","Function:farm/activities.py:_complete_new_ui","CALLS",0.95,"same-file",0
"Function:farm/activities.py:complete_daily_set_and_activities","Function:farm/activities.py:_complete_old_ui","CALLS",0.95,"same-file",0
"Function:farm/activities.py:complete_daily_set_and_activities","Function:farm/utils.py:take_screenshot","CALLS",0.9,"import-resolved",0
"Function:tray_app.py:__init__","comm_0","MEMBER_OF",1,"leiden-algorithm",0
"Function:tray_app.py:update_menu_status","comm_1","MEMBER_OF",1,"leiden-algorithm",0
"Function:tray_app.py:start_farming","comm_1","MEMBER_OF",1,"leiden-algorithm",0
"Function:tray_app.py:stop_farming","comm_1","MEMBER_OF",1,"leiden-algorithm",0
"Function:tray_app.py:monitor_process_gui","comm_0","MEMBER_OF",1,"leiden-algorithm",0
"Function:tray_app.py:get_latest_log_file","comm_0","MEMBER_OF",1,"leiden-algorithm",0
"Function:tray_app.py:update_log_gui","comm_0","MEMBER_OF",1,"leiden-algorithm",0
"Function:tray_app.py:append_clean_log","comm_0","MEMBER_OF",1,"leiden-algorithm",0
"Function:tray_app.py:exit_app","comm_1","MEMBER_OF",1,"leiden-algorithm",0
"Function:multi_profile_launcher.py:get_all_profiles","comm_2","MEMBER_OF",1,"leiden-algorithm",0
"Function:multi_profile_launcher.py:log_result","comm_2","MEMBER_OF",1,"leiden-algorithm",0
"Function:multi_profile_launcher.py:farm_single_profile","comm_2","MEMBER_OF",1,"leiden-algorithm",0
"Function:multi_profile_launcher.py:setup_profile","comm_2","MEMBER_OF",1,"leiden-algorithm",0
"Function:multi_profile_launcher.py:main","comm_2","MEMBER_OF",1,"leiden-algorithm",0
"Function:launcher_gui.py:get_edge_profiles","comm_3","MEMBER_OF",1,"leiden-algorithm",0
"Function:launcher_gui.py:__init__","comm_3","MEMBER_OF",1,"leiden-algorithm",0
"Function:launcher_gui.py:setup_styles","comm_3","MEMBER_OF",1,"leiden-algorithm",0
"Function:launcher_gui.py:create_widgets","comm_3","MEMBER_OF",1,"leiden-algorithm",0
"Function:launcher_gui.py:refresh_profiles","comm_3","MEMBER_OF",1,"leiden-algorithm",0
"Function:launcher_gui.py:confirm","comm_3","MEMBER_OF",1,"leiden-algorithm",0
"Function:launcher_gui.py:farming_worker","comm_4","MEMBER_OF",1,"leiden-algorithm",0
"Function:launcher_gui.py:detailed_search","comm_5","MEMBER_OF",1,"leiden-algorithm",0
"Function:launcher_gui.py:update_points_ui","comm_6","MEMBER_OF",1,"leiden-algorithm",0
"Function:launcher_gui.py:reset_ui","comm_4","MEMBER_OF",1,"leiden-algorithm",0
"Function:launcher_gui.py:load_config","comm_3","MEMBER_OF",1,"leiden-algorithm",0
"Function:launcher_gui.py:save_config","comm_7","MEMBER_OF",1,"leiden-algorithm",0
"Function:launcher_gui.py:on_close","comm_7","MEMBER_OF",1,"leiden-algorithm",0
"Function:launcher_gui.py:get_idle_seconds","comm_8","MEMBER_OF",1,"leiden-algorithm",0
"Function:launcher_gui.py:_get_free_ram_mb","comm_8","MEMBER_OF",1,"leiden-algorithm",0
"Function:launcher_gui.py:idle_monitor_loop","comm_8","MEMBER_OF",1,"leiden-algorithm",0
"Function:launcher_gui.py:show_dashboard","comm_6","MEMBER_OF",1,"leiden-algorithm",0
"Function:launcher_gui.py:send_telegram_notification","comm_6","MEMBER_OF",1,"leiden-algorithm",0
"Function:launcher_gui.py:main","comm_9","MEMBER_OF",1,"leiden-algorithm",0
"Function:farm_rewards.py:run_single_profile","comm_10","MEMBER_OF",1,"leiden-algorithm",0
"Function:farm_rewards.py:main","comm_4","MEMBER_OF",1,"leiden-algorithm",0
"Function:farm/decision.py:should_stop","comm_4","MEMBER_OF",1,"leiden-algorithm",0
"Function:farm/decision.py:adaptive_batch","comm_4","MEMBER_OF",1,"leiden-algorithm",0
"Function:farm/decision.py:auto_speed_config","comm_4","MEMBER_OF",1,"leiden-algorithm",0
"Function:farm/decision.py:log_quota_confidence","comm_4","MEMBER_OF",1,"leiden-algorithm",0
"Function:farm/utils.py:setup_logging","comm_4","MEMBER_OF",1,"leiden-algorithm",0
"Function:farm/utils.py:take_screenshot","comm_10","MEMBER_OF",1,"leiden-algorithm",0
"Function:farm/utils.py:random_sleep","comm_10","MEMBER_OF",1,"leiden-algorithm",0
"Function:farm/utils.py:check_and_recover_oom","comm_5","MEMBER_OF",1,"leiden-algorithm",0
"Function:farm/utils.py:simulate_typing","comm_5","MEMBER_OF",1,"leiden-algorithm",0
"Function:farm/utils.py:simulate_reading_interaction","comm_5","MEMBER_OF",1,"leiden-algorithm",0
"Function:farm/utils.py:human_bezier_move","comm_5","MEMBER_OF",1,"leiden-algorithm",0
"Function:farm/utils.py:human_hover_and_click","comm_5","MEMBER_OF",1,"leiden-algorithm",0
"Function:farm/utils.py:apply_mobile_emulation","comm_2","MEMBER_OF",1,"leiden-algorithm",0
"Function:farm/utils.py:human_scroll","comm_5","MEMBER_OF",1,"leiden-algorithm",0
"Function:farm/search.py:interact_with_results","comm_5","MEMBER_OF",1,"leiden-algorithm",0
"Function:farm/search.py:do_one_search","comm_5","MEMBER_OF",1,"leiden-algorithm",0
"Function:farm/search.py:do_one_news_read","comm_5","MEMBER_OF",1,"leiden-algorithm",0
"Function:farm/search.py:perform_searches","comm_5","MEMBER_OF",1,"leiden-algorithm",0
"Function:farm/search.py:perform_mobile_news_reads","comm_10","MEMBER_OF",1,"leiden-algorithm",0
"Function:farm/search.py:farm_parallel","comm_5","MEMBER_OF",1,"leiden-algorithm",0
"Function:farm/query.py:reset_history","comm_4","MEMBER_OF",1,"leiden-algorithm",0
"Function:farm/query.py:generate","comm_5","MEMBER_OF",1,"leiden-algorithm",0
"Function:farm/query.py:_generate_unsafe","comm_11","MEMBER_OF",1,"leiden-algorithm",0
"Function:farm/query.py:_get_suggest_query","comm_11","MEMBER_OF",1,"leiden-algorithm",0
"Function:farm/query.py:_fetch_bing_suggestions","comm_11","MEMBER_OF",1,"leiden-algorithm",0
"Function:farm/query.py:_create_chain_queries","comm_11","MEMBER_OF",1,"leiden-algorithm",0
"Function:farm/query.py:_create_random_query","comm_11","MEMBER_OF",1,"leiden-algorithm",0
"Function:farm/points.py:get_search_quota","comm_4","MEMBER_OF",1,"leiden-algorithm",0
"Function:farm/points.py:get_counter","comm_4","MEMBER_OF",1,"leiden-algorithm",0
"Function:farm/points.py:check_logged_in","comm_4","MEMBER_OF",1,"leiden-algorithm",0
"Function:farm/points.py:get_points_from_search_page","comm_5","MEMBER_OF",1,"leiden-algorithm",0
"Function:farm/points.py:get_current_points","comm_10","MEMBER_OF",1,"leiden-algorithm",0
"Function:farm/history.py:load_history","comm_6","MEMBER_OF",1,"leiden-algorithm",0
"Function:farm/history.py:save_history","comm_6","MEMBER_OF",1,"leiden-algorithm",0
"Function:farm/history.py:log_points","comm_6","MEMBER_OF",1,"leiden-algorithm",0
"Function:farm/history.py:get_today_stats","comm_6","MEMBER_OF",1,"leiden-algorithm",0
"Function:farm/history.py:get_weekly_total","comm_6","MEMBER_OF",1,"leiden-algorithm",0
"Function:farm/history.py:get_daily_totals","comm_6","MEMBER_OF",1,"leiden-algorithm",0
"Function:farm/history.py:was_farmed_today","comm_8","MEMBER_OF",1,"leiden-algorithm",0
"Function:farm/history.py:get_profile_summary","comm_6","MEMBER_OF",1,"leiden-algorithm",0
"Function:farm/history.py:get_streak_days","comm_6","MEMBER_OF",1,"leiden-algorithm",0
"Function:farm/driver.py:get_edge_version","comm_2","MEMBER_OF",1,"leiden-algorithm",0
"Function:farm/driver.py:_kill_zombie_edge","comm_2","MEMBER_OF",1,"leiden-algorithm",0
"Function:farm/driver.py:clone_edge_profile","comm_2","MEMBER_OF",1,"leiden-algorithm",0
"Function:farm/driver.py:setup_driver","comm_2","MEMBER_OF",1,"leiden-algorithm",0
"Function:farm/driver.py:get_driver","comm_2","MEMBER_OF",1,"leiden-algorithm",0
"Function:farm/driver.py:is_driver_alive","comm_5","MEMBER_OF",1,"leiden-algorithm",0
"Function:farm/driver.py:safe_driver_quit","comm_2","MEMBER_OF",1,"leiden-algorithm",0
"Function:farm/driver.py:cleanup_clone_profiles","comm_4","MEMBER_OF",1,"leiden-algorithm",0
"Function:farm/activities.py:_is_new_ui","comm_10","MEMBER_OF",1,"leiden-algorithm",0
"Function:farm/activities.py:_expand_new_ui_sections","comm_12","MEMBER_OF",1,"leiden-algorithm",0
"Function:farm/activities.py:_get_new_ui_task_cards","comm_12","MEMBER_OF",1,"leiden-algorithm",0
"Function:farm/activities.py:_is_progress_complete","comm_12","MEMBER_OF",1,"leiden-algorithm",0
"Function:farm/activities.py:_is_progress_card","comm_12","MEMBER_OF",1,"leiden-algorithm",0
"Function:farm/activities.py:_is_card_completed_new_ui","comm_12","MEMBER_OF",1,"leiden-algorithm",0
"Function:farm/activities.py:solve_potential_quiz","comm_12","MEMBER_OF",1,"leiden-algorithm",0
"Function:farm/activities.py:click_daily_checkin","comm_10","MEMBER_OF",1,"leiden-algorithm",0
"Function:farm/activities.py:_complete_new_ui","comm_12","MEMBER_OF",1,"leiden-algorithm",0
"Function:farm/activities.py:_complete_old_ui","comm_10","MEMBER_OF",1,"leiden-algorithm",0
"Function:farm/activities.py:complete_daily_set_and_activities","comm_10","MEMBER_OF",1,"leiden-algorithm",0
"Function:farm/search.py:farm_parallel","proc_0_farm_parallel","STEP_IN_PROCESS",1,"trace-detection",1
"Function:farm/query.py:generate","proc_0_farm_parallel","STEP_IN_PROCESS",1,"trace-detection",2
"Function:farm/query.py:_generate_unsafe","proc_0_farm_parallel","STEP_IN_PROCESS",1,"trace-detection",3
"Function:farm/query.py:_get_suggest_query","proc_0_farm_parallel","STEP_IN_PROCESS",1,"trace-detection",4
"Function:farm/query.py:_fetch_bing_suggestions","proc_0_farm_parallel","STEP_IN_PROCESS",1,"trace-detection",5
"Function:multi_profile_launcher.py:farm_single_profile","proc_1_farm_single_profile","STEP_IN_PROCESS",1,"trace-detection",1
"Function:farm/search.py:perform_searches","proc_1_farm_single_profile","STEP_IN_PROCESS",1,"trace-detection",2
"Function:farm/query.py:generate","proc_1_farm_single_profile","STEP_IN_PROCESS",1,"trace-detection",3
"Function:farm/query.py:_generate_unsafe","proc_1_farm_single_profile","STEP_IN_PROCESS",1,"trace-detection",4
"Function:farm/query.py:_create_chain_queries","proc_1_farm_single_profile","STEP_IN_PROCESS",1,"trace-detection",5
"Function:multi_profile_launcher.py:farm_single_profile","proc_2_farm_single_profile","STEP_IN_PROCESS",1,"trace-detection",1
"Function:farm/search.py:perform_searches","proc_2_farm_single_profile","STEP_IN_PROCESS",1,"trace-detection",2
"Function:farm/query.py:generate","proc_2_farm_single_profile","STEP_IN_PROCESS",1,"trace-detection",3
"Function:farm/query.py:_generate_unsafe","proc_2_farm_single_profile","STEP_IN_PROCESS",1,"trace-detection",4
"Function:farm/query.py:_create_random_query","proc_2_farm_single_profile","STEP_IN_PROCESS",1,"trace-detection",5
"Function:launcher_gui.py:detailed_search","proc_3_detailed_search","STEP_IN_PROCESS",1,"trace-detection",1
"Function:farm/query.py:generate","proc_3_detailed_search","STEP_IN_PROCESS",1,"trace-detection",2
"Function:farm/query.py:_generate_unsafe","proc_3_detailed_search","STEP_IN_PROCESS",1,"trace-detection",3
"Function:farm/query.py:_get_suggest_query","proc_3_detailed_search","STEP_IN_PROCESS",1,"trace-detection",4
"Function:farm/query.py:_fetch_bing_suggestions","proc_3_detailed_search","STEP_IN_PROCESS",1,"trace-detection",5
"Function:multi_profile_launcher.py:main","proc_4_main","STEP_IN_PROCESS",1,"trace-detection",1
"Function:multi_profile_launcher.py:setup_profile","proc_4_main","STEP_IN_PROCESS",1,"trace-detection",2
"Function:farm/driver.py:setup_driver","proc_4_main","STEP_IN_PROCESS",1,"trace-detection",3
"Function:farm/driver.py:clone_edge_profile","proc_4_main","STEP_IN_PROCESS",1,"trace-detection",4
"Function:farm/driver.py:_kill_zombie_edge","proc_4_main","STEP_IN_PROCESS",1,"trace-detection",5
"Function:launcher_gui.py:farming_worker","proc_5_farming_worker","STEP_IN_PROCESS",1,"trace-detection",1
"Function:launcher_gui.py:update_points_ui","proc_5_farming_worker","STEP_IN_PROCESS",1,"trace-detection",2
"Function:farm/history.py:get_today_stats","proc_5_farming_worker","STEP_IN_PROCESS",1,"trace-detection",3
"Function:farm/history.py:load_history","proc_5_farming_worker","STEP_IN_PROCESS",1,"trace-detection",4
"Function:farm/search.py:farm_parallel","proc_6_farm_parallel","STEP_IN_PROCESS",1,"trace-detection",1
"Function:farm/query.py:generate","proc_6_farm_parallel","STEP_IN_PROCESS",1,"trace-detection",2
"Function:farm/query.py:_generate_unsafe","proc_6_farm_parallel","STEP_IN_PROCESS",1,"trace-detection",3
"Function:farm/query.py:_create_chain_queries","proc_6_farm_parallel","STEP_IN_PROCESS",1,"trace-detection",4
"Function:farm/search.py:farm_parallel","proc_7_farm_parallel","STEP_IN_PROCESS",1,"trace-detection",1
"Function:farm/query.py:generate","proc_7_farm_parallel","STEP_IN_PROCESS",1,"trace-detection",2
"Function:farm/query.py:_generate_unsafe","proc_7_farm_parallel","STEP_IN_PROCESS",1,"trace-detection",3
"Function:farm/query.py:_create_random_query","proc_7_farm_parallel","STEP_IN_PROCESS",1,"trace-detection",4
"Function:farm_rewards.py:run_single_profile","proc_8_run_single_profile","STEP_IN_PROCESS",1,"trace-detection",1
"Function:farm/driver.py:setup_driver","proc_8_run_single_profile","STEP_IN_PROCESS",1,"trace-detection",2
"Function:farm/driver.py:clone_edge_profile","proc_8_run_single_profile","STEP_IN_PROCESS",1,"trace-detection",3
"Function:farm/driver.py:_kill_zombie_edge","proc_8_run_single_profile","STEP_IN_PROCESS",1,"trace-detection",4
"Function:farm_rewards.py:run_single_profile","proc_9_run_single_profile","STEP_IN_PROCESS",1,"trace-detection",1
"Function:farm/activities.py:complete_daily_set_and_activities","proc_9_run_single_profile","STEP_IN_PROCESS",1,"trace-detection",2
"Function:farm/activities.py:click_daily_checkin","proc_9_run_single_profile","STEP_IN_PROCESS",1,"trace-detection",3
"Function:farm/utils.py:random_sleep","proc_9_run_single_profile","STEP_IN_PROCESS",1,"trace-detection",4
"Function:multi_profile_launcher.py:farm_single_profile","proc_10_farm_single_profile","STEP_IN_PROCESS",1,"trace-detection",1
"Function:farm/activities.py:complete_daily_set_and_activities","proc_10_farm_single_profile","STEP_IN_PROCESS",1,"trace-detection",2
"Function:farm/activities.py:click_daily_checkin","proc_10_farm_single_profile","STEP_IN_PROCESS",1,"trace-detection",3
"Function:farm/utils.py:random_sleep","proc_10_farm_single_profile","STEP_IN_PROCESS",1,"trace-detection",4
"Function:launcher_gui.py:detailed_search","proc_11_detailed_search","STEP_IN_PROCESS",1,"trace-detection",1
"Function:farm/query.py:generate","proc_11_detailed_search","STEP_IN_PROCESS",1,"trace-detection",2
"Function:farm/query.py:_generate_unsafe","proc_11_detailed_search","STEP_IN_PROCESS",1,"trace-detection",3
"Function:farm/query.py:_create_chain_queries","proc_11_detailed_search","STEP_IN_PROCESS",1,"trace-detection",4
"Function:launcher_gui.py:detailed_search","proc_12_detailed_search","STEP_IN_PROCESS",1,"trace-detection",1
"Function:farm/query.py:generate","proc_12_detailed_search","STEP_IN_PROCESS",1,"trace-detection",2
"Function:farm/query.py:_generate_unsafe","proc_12_detailed_search","STEP_IN_PROCESS",1,"trace-detection",3
"Function:farm/query.py:_create_random_query","proc_12_detailed_search","STEP_IN_PROCESS",1,"trace-detection",4
"Function:multi_profile_launcher.py:main","proc_13_main","STEP_IN_PROCESS",1,"trace-detection",1
"Function:multi_profile_launcher.py:setup_profile","proc_13_main","STEP_IN_PROCESS",1,"trace-detection",2
"Function:farm/driver.py:setup_driver","proc_13_main","STEP_IN_PROCESS",1,"trace-detection",3
"Function:farm/driver.py:get_edge_version","proc_13_main","STEP_IN_PROCESS",1,"trace-detection",4
"Function:multi_profile_launcher.py:main","proc_14_main","STEP_IN_PROCESS",1,"trace-detection",1
"Function:multi_profile_launcher.py:farm_single_profile","proc_14_main","STEP_IN_PROCESS",1,"trace-detection",2
"Function:farm/points.py:get_current_points","proc_14_main","STEP_IN_PROCESS",1,"trace-detection",3
"Function:farm/utils.py:random_sleep","proc_14_main","STEP_IN_PROCESS",1,"trace-detection",4
"Function:multi_profile_launcher.py:main","proc_15_main","STEP_IN_PROCESS",1,"trace-detection",1
"Function:multi_profile_launcher.py:farm_single_profile","proc_15_main","STEP_IN_PROCESS",1,"trace-detection",2
"Function:farm/search.py:perform_searches","proc_15_main","STEP_IN_PROCESS",1,"trace-detection",3
"Function:farm/utils.py:take_screenshot","proc_15_main","STEP_IN_PROCESS",1,"trace-detection",4
"Function:multi_profile_launcher.py:main","proc_16_main","STEP_IN_PROCESS",1,"trace-detection",1
"Function:multi_profile_launcher.py:farm_single_profile","proc_16_main","STEP_IN_PROCESS",1,"trace-detection",2
"Function:farm/search.py:perform_searches","proc_16_main","STEP_IN_PROCESS",1,"trace-detection",3
"Function:farm/utils.py:simulate_typing","proc_16_main","STEP_IN_PROCESS",1,"trace-detection",4
"Function:multi_profile_launcher.py:main","proc_17_main","STEP_IN_PROCESS",1,"trace-detection",1
"Function:multi_profile_launcher.py:farm_single_profile","proc_17_main","STEP_IN_PROCESS",1,"trace-detection",2
"Function:farm/activities.py:complete_daily_set_and_activities","proc_17_main","STEP_IN_PROCESS",1,"trace-detection",3
"Function:farm/utils.py:check_and_recover_oom","proc_17_main","STEP_IN_PROCESS",1,"trace-detection",4
"Function:multi_profile_launcher.py:main","proc_18_main","STEP_IN_PROCESS",1,"trace-detection",1
"Function:multi_profile_launcher.py:farm_single_profile","proc_18_main","STEP_IN_PROCESS",1,"trace-detection",2
"Function:farm/activities.py:complete_daily_set_and_activities","proc_18_main","STEP_IN_PROCESS",1,"trace-detection",3
"Function:farm/utils.py:human_scroll","proc_18_main","STEP_IN_PROCESS",1,"trace-detection",4
"Function:farm/search.py:farm_parallel","proc_19_farm_parallel","STEP_IN_PROCESS",1,"trace-detection",1
"Function:farm/search.py:do_one_search","proc_19_farm_parallel","STEP_IN_PROCESS",1,"trace-detection",2
"Function:farm/utils.py:check_and_recover_oom","proc_19_farm_parallel","STEP_IN_PROCESS",1,"trace-detection",3
